_const0_, CONST0, 0, 0
_const1_, CONST1, 1, 0
sky130_fd_sc_hd__a2111o_1, (A1&A2) | (B1) | (C1) | (D1), 11111111111111111111111111111000, 11.26, 266.94, 288.87, 262.23, 241.48, 205.55
sky130_fd_sc_hd__a2111o_2, (A1&A2) | (B1) | (C1) | (D1), 11111111111111111111111111111000, 12.51, 266.94, 288.87, 262.23, 241.48, 205.55
sky130_fd_sc_hd__a2111o_4, (A1&A2) | (B1) | (C1) | (D1), 11111111111111111111111111111000, 21.27, 266.94, 288.87, 262.23, 241.48, 205.55
sky130_fd_sc_hd__a2111oi_0, (!A1&!B1&!C1&!D1) | (!A2&!B1&!C1&!D1), 00000000000000000000000000000111, 8.76, 260.38, 285.65, 257.72, 240.04, 199.84
sky130_fd_sc_hd__a2111oi_1, (!A1&!B1&!C1&!D1) | (!A2&!B1&!C1&!D1), 00000000000000000000000000000111, 10.01, 260.38, 285.65, 257.72, 240.04, 199.84
sky130_fd_sc_hd__a2111oi_2, (!A1&!B1&!C1&!D1) | (!A2&!B1&!C1&!D1), 00000000000000000000000000000111, 15.01, 260.38, 285.65, 257.72, 240.04, 199.84
sky130_fd_sc_hd__a2111oi_4, (!A1&!B1&!C1&!D1) | (!A2&!B1&!C1&!D1), 00000000000000000000000000000111, 27.53, 260.38, 285.65, 257.72, 240.04, 199.84
sky130_fd_sc_hd__a211o_1, (A1&A2) | (B1) | (C1), 1111111111111000, 8.76, 201.56, 217.46, 193.51, 170.66
sky130_fd_sc_hd__a211o_2, (A1&A2) | (B1) | (C1), 1111111111111000, 10.01, 201.56, 217.46, 193.51, 170.66
sky130_fd_sc_hd__a211o_4, (A1&A2) | (B1) | (C1), 1111111111111000, 17.52, 201.56, 217.46, 193.51, 170.66
sky130_fd_sc_hd__a211oi_1, (!A1&!B1&!C1) | (!A2&!B1&!C1), 0000000000000111, 7.51, 177.88, 197.85, 173.86, 145.36
sky130_fd_sc_hd__a211oi_2, (!A1&!B1&!C1) | (!A2&!B1&!C1), 0000000000000111, 12.51, 177.88, 197.85, 173.86, 145.36
sky130_fd_sc_hd__a211oi_4, (!A1&!B1&!C1) | (!A2&!B1&!C1), 0000000000000111, 20.02, 177.88, 197.85, 173.86, 145.36
sky130_fd_sc_hd__a21bo_1, (A1&A2) | (!B1_N), 10001111, 10.01, 151.16, 161.8, 188.25
sky130_fd_sc_hd__a21bo_2, (A1&A2) | (!B1_N), 10001111, 10.01, 151.16, 161.8, 188.25
sky130_fd_sc_hd__a21bo_4, (A1&A2) | (!B1_N), 10001111, 16.27, 151.16, 161.8, 188.25
sky130_fd_sc_hd__a21boi_0, (!A1&B1_N) | (!A2&B1_N), 01110000, 7.51, 125.68, 137.36, 148.65
sky130_fd_sc_hd__a21boi_1, (!A1&B1_N) | (!A2&B1_N), 01110000, 7.51, 125.68, 137.36, 148.65
sky130_fd_sc_hd__a21boi_2, (!A1&B1_N) | (!A2&B1_N), 01110000, 11.26, 125.68, 137.36, 148.65
sky130_fd_sc_hd__a21boi_4, (!A1&B1_N) | (!A2&B1_N), 01110000, 18.77, 125.68, 137.36, 148.65
sky130_fd_sc_hd__a21o_1, (A1&A2) | (B1), 11111000, 7.51, 145.44, 157.14, 130.43
sky130_fd_sc_hd__a21o_2, (A1&A2) | (B1), 11111000, 8.76, 145.44, 157.14, 130.43
sky130_fd_sc_hd__a21o_4, (A1&A2) | (B1), 11111000, 15.01, 145.44, 157.14, 130.43
sky130_fd_sc_hd__a21oi_1, (!A1&!B1) | (!A2&!B1), 00000111, 5, 122.29, 136.1, 103.7
sky130_fd_sc_hd__a21oi_2, (!A1&!B1) | (!A2&!B1), 00000111, 8.76, 122.29, 136.1, 103.7
sky130_fd_sc_hd__a21oi_4, (!A1&!B1) | (!A2&!B1), 00000111, 16.27, 122.29, 136.1, 103.7
sky130_fd_sc_hd__a221o_1, (B1&B2) | (A1&A2) | (C1), 11111111111111111111100010001000, 10.01, 242.4, 261.03, 229.02, 245.82, 196.97
sky130_fd_sc_hd__a221o_2, (B1&B2) | (A1&A2) | (C1), 11111111111111111111100010001000, 11.26, 242.4, 261.03, 229.02, 245.82, 196.97
sky130_fd_sc_hd__a221o_4, (B1&B2) | (A1&A2) | (C1), 11111111111111111111100010001000, 21.27, 242.4, 261.03, 229.02, 245.82, 196.97
sky130_fd_sc_hd__a221oi_1, (!A1&!B1&!C1) | (!A1&!B2&!C1) | (!A2&!B1&!C1) | (!A2&!B2&!C1), 00000000000000000000011101110111, 8.76, 209.15, 224.37, 192.49, 208.76, 157.88
sky130_fd_sc_hd__a221oi_2, (!A1&!B1&!C1) | (!A1&!B2&!C1) | (!A2&!B1&!C1) | (!A2&!B2&!C1), 00000000000000000000011101110111, 15.01, 209.15, 224.37, 192.49, 208.76, 157.88
sky130_fd_sc_hd__a221oi_4, (!A1&!B1&!C1) | (!A1&!B2&!C1) | (!A2&!B1&!C1) | (!A2&!B2&!C1), 00000000000000000000011101110111, 26.28, 209.15, 224.37, 192.49, 208.76, 157.88
sky130_fd_sc_hd__a222oi_1, (!A1&!B1&!C1) | (!A1&!B1&!C2) | (!A1&!B2&!C1) | (!A2&!B1&!C1) | (!A1&!B2&!C2) | (!A2&!B1&!C2) | (!A2&!B2&!C1) | (!A2&!B2&!C2), 0000000000000000000001110111011100000111011101110000011101110111, 10.01, 227.42, 242.07, 206.01, 225.05, 171.57, 187.65
sky130_fd_sc_hd__a22o_1, (B1&B2) | (A1&A2), 1111100010001000, 8.76, 177.01, 190.32, 157.81, 166.74
sky130_fd_sc_hd__a22o_2, (B1&B2) | (A1&A2), 1111100010001000, 10.01, 177.01, 190.32, 157.81, 166.74
sky130_fd_sc_hd__a22o_4, (B1&B2) | (A1&A2), 1111100010001000, 17.52, 177.01, 190.32, 157.81, 166.74
sky130_fd_sc_hd__a22oi_1, (!A1&!B1) | (!A1&!B2) | (!A2&!B1) | (!A2&!B2), 0000011101110111, 7.51, 150.09, 164.15, 123.19, 137.75
sky130_fd_sc_hd__a22oi_2, (!A1&!B1) | (!A1&!B2) | (!A2&!B1) | (!A2&!B2), 0000011101110111, 12.51, 150.09, 164.15, 123.19, 137.75
sky130_fd_sc_hd__a22oi_4, (!A1&!B1) | (!A1&!B2) | (!A2&!B1) | (!A2&!B2), 0000011101110111, 21.27, 150.09, 164.15, 123.19, 137.75
sky130_fd_sc_hd__a2bb2o_1, (B1&B2) | (!A1_N&!A2_N), 1111000100010001, 10.01, 238.83, 228.36, 185.02, 171.97
sky130_fd_sc_hd__a2bb2o_2, (B1&B2) | (!A1_N&!A2_N), 1111000100010001, 11.26, 238.83, 228.36, 185.02, 171.97
sky130_fd_sc_hd__a2bb2o_4, (B1&B2) | (!A1_N&!A2_N), 1111000100010001, 20.02, 238.83, 228.36, 185.02, 171.97
sky130_fd_sc_hd__a2bb2oi_1, (A1_N&!B1) | (A1_N&!B2) | (A2_N&!B1) | (A2_N&!B2), 0000111011101110, 8.76, 179.43, 166.07, 135.43, 122.5
sky130_fd_sc_hd__a2bb2oi_2, (A1_N&!B1) | (A1_N&!B2) | (A2_N&!B1) | (A2_N&!B2), 0000111011101110, 15.01, 179.43, 166.07, 135.43, 122.5
sky130_fd_sc_hd__a2bb2oi_4, (A1_N&!B1) | (A1_N&!B2) | (A2_N&!B1) | (A2_N&!B2), 0000111011101110, 26.28, 179.43, 166.07, 135.43, 122.5
sky130_fd_sc_hd__a311o_1, (A1&A2&A3) | (B1) | (C1), 11111111111111111111111110000000, 10.01, 225.19, 253.84, 271.43, 223.94, 196.29
sky130_fd_sc_hd__a311o_2, (A1&A2&A3) | (B1) | (C1), 11111111111111111111111110000000, 11.26, 225.19, 253.84, 271.43, 223.94, 196.29
sky130_fd_sc_hd__a311o_4, (A1&A2&A3) | (B1) | (C1), 11111111111111111111111110000000, 20.02, 225.19, 253.84, 271.43, 223.94, 196.29
sky130_fd_sc_hd__a311oi_1, (!A1&!B1&!C1) | (!A2&!B1&!C1) | (!A3&!B1&!C1), 00000000000000000000000001111111, 8.76, 200.11, 224.5, 237.87, 194.69, 166.39
sky130_fd_sc_hd__a311oi_2, (!A1&!B1&!C1) | (!A2&!B1&!C1) | (!A3&!B1&!C1), 00000000000000000000000001111111, 15.01, 200.11, 224.5, 237.87, 194.69, 166.39
sky130_fd_sc_hd__a311oi_4, (!A1&!B1&!C1) | (!A2&!B1&!C1) | (!A3&!B1&!C1), 00000000000000000000000001111111, 26.28, 200.11, 224.5, 237.87, 194.69, 166.39
sky130_fd_sc_hd__a31o_1, (A1&A2&A3) | (B1), 1111111110000000, 8.76, 165.75, 181.47, 189.91, 148.1
sky130_fd_sc_hd__a31o_2, (A1&A2&A3) | (B1), 1111111110000000, 8.76, 165.75, 181.47, 189.91, 148.1
sky130_fd_sc_hd__a31o_4, (A1&A2&A3) | (B1), 1111111110000000, 17.52, 165.75, 181.47, 189.91, 148.1
sky130_fd_sc_hd__a31oi_1, (!A1&!B1) | (!A2&!B1) | (!A3&!B1), 0000000001111111, 6.26, 140.69, 161.95, 169.87, 121.13
sky130_fd_sc_hd__a31oi_2, (!A1&!B1) | (!A2&!B1) | (!A3&!B1), 0000000001111111, 12.51, 140.69, 161.95, 169.87, 121.13
sky130_fd_sc_hd__a31oi_4, (!A1&!B1) | (!A2&!B1) | (!A3&!B1), 0000000001111111, 21.27, 140.69, 161.95, 169.87, 121.13
sky130_fd_sc_hd__a32o_1, (A1&A2&A3) | (B1&B2), 11111111100000001000000010000000, 10.01, 201.05, 217.58, 223.16, 171.56, 180.15
sky130_fd_sc_hd__a32o_2, (A1&A2&A3) | (B1&B2), 11111111100000001000000010000000, 11.26, 201.05, 217.58, 223.16, 171.56, 180.15
sky130_fd_sc_hd__a32o_4, (A1&A2&A3) | (B1&B2), 11111111100000001000000010000000, 21.27, 201.05, 217.58, 223.16, 171.56, 180.15
sky130_fd_sc_hd__a32oi_1, (!A1&!B1) | (!A1&!B2) | (!A2&!B1) | (!A3&!B1) | (!A2&!B2) | (!A3&!B2), 00000000011111110111111101111111, 8.76, 168.19, 188.16, 194, 134.74, 147.04
sky130_fd_sc_hd__a32oi_2, (!A1&!B1) | (!A1&!B2) | (!A2&!B1) | (!A3&!B1) | (!A2&!B2) | (!A3&!B2), 00000000011111110111111101111111, 16.27, 168.19, 188.16, 194, 134.74, 147.04
sky130_fd_sc_hd__a32oi_4, (!A1&!B1) | (!A1&!B2) | (!A2&!B1) | (!A3&!B1) | (!A2&!B2) | (!A3&!B2), 00000000011111110111111101111111, 27.53, 168.19, 188.16, 194, 134.74, 147.04
sky130_fd_sc_hd__a41o_1, (A1&A2&A3&A4) | (B1), 11111111111111111000000000000000, 10.01, 179.07, 200.89, 213.73, 221.68, 156.6
sky130_fd_sc_hd__a41o_2, (A1&A2&A3&A4) | (B1), 11111111111111111000000000000000, 11.26, 179.07, 200.89, 213.73, 221.68, 156.6
sky130_fd_sc_hd__a41o_4, (A1&A2&A3&A4) | (B1), 11111111111111111000000000000000, 21.27, 179.07, 200.89, 213.73, 221.68, 156.6
sky130_fd_sc_hd__a41oi_1, (!A1&!B1) | (!A2&!B1) | (!A3&!B1) | (!A4&!B1), 00000000000000000111111111111111, 8.76, 154.05, 178.51, 195.13, 203.95, 131.94
sky130_fd_sc_hd__a41oi_2, (!A1&!B1) | (!A2&!B1) | (!A3&!B1) | (!A4&!B1), 00000000000000000111111111111111, 16.27, 154.05, 178.51, 195.13, 203.95, 131.94
sky130_fd_sc_hd__a41oi_4, (!A1&!B1) | (!A2&!B1) | (!A3&!B1) | (!A4&!B1), 00000000000000000111111111111111, 27.53, 154.05, 178.51, 195.13, 203.95, 131.94
sky130_fd_sc_hd__and2_0, (A&B), 1000, 6.26, 127.82, 139.61
sky130_fd_sc_hd__and2_1, (A&B), 1000, 6.26, 127.82, 139.61
sky130_fd_sc_hd__and2_2, (A&B), 1000, 7.51, 127.82, 139.61
sky130_fd_sc_hd__and2_4, (A&B), 1000, 8.76, 127.82, 139.61
sky130_fd_sc_hd__and2b_1, (!A_N&B), 0100, 7.51, 147.38, 136.95
sky130_fd_sc_hd__and2b_2, (!A_N&B), 0100, 8.76, 147.38, 136.95
sky130_fd_sc_hd__and2b_4, (!A_N&B), 0100, 10.01, 147.38, 136.95
sky130_fd_sc_hd__and3_1, (A&B&C), 10000000, 6.26, 146.64, 159.82, 169.03
sky130_fd_sc_hd__and3_2, (A&B&C), 10000000, 7.51, 146.64, 159.82, 169.03
sky130_fd_sc_hd__and3_4, (A&B&C), 10000000, 11.26, 146.64, 159.82, 169.03
sky130_fd_sc_hd__and3b_1, (!A_N&B&C), 01000000, 8.76, 203.65, 163.07, 173.13
sky130_fd_sc_hd__and3b_2, (!A_N&B&C), 01000000, 10.01, 203.65, 163.07, 173.13
sky130_fd_sc_hd__and3b_4, (!A_N&B&C), 01000000, 12.51, 203.65, 163.07, 173.13
sky130_fd_sc_hd__and4_1, (A&B&C&D), 1000000000000000, 8.76, 160.84, 178.13, 187.91, 195.57
sky130_fd_sc_hd__and4_2, (A&B&C&D), 1000000000000000, 10.01, 160.84, 178.13, 187.91, 195.57
sky130_fd_sc_hd__and4_4, (A&B&C&D), 1000000000000000, 11.26, 160.84, 178.13, 187.91, 195.57
sky130_fd_sc_hd__and4b_1, (!A_N&B&C&D), 0100000000000000, 10.01, 225.25, 182.93, 192.65, 203.06
sky130_fd_sc_hd__and4b_2, (!A_N&B&C&D), 0100000000000000, 11.26, 225.25, 182.93, 192.65, 203.06
sky130_fd_sc_hd__and4b_4, (!A_N&B&C&D), 0100000000000000, 13.76, 225.25, 182.93, 192.65, 203.06
sky130_fd_sc_hd__and4bb_1, (!A_N&!B_N&C&D), 0001000000000000, 12.51, 222.62, 229.28, 205.01, 188.11
sky130_fd_sc_hd__and4bb_2, (!A_N&!B_N&C&D), 0001000000000000, 12.51, 222.62, 229.28, 205.01, 188.11
sky130_fd_sc_hd__and4bb_4, (!A_N&!B_N&C&D), 0001000000000000, 16.27, 222.62, 229.28, 205.01, 188.11
sky130_fd_sc_hd__buf_1, (A), 10, 3.75, 194.25
sky130_fd_sc_hd__buf_12, (A), 10, 20.02, 194.25
sky130_fd_sc_hd__buf_16, (A), 10, 27.53, 194.25
sky130_fd_sc_hd__buf_2, (A), 10, 5, 194.25
sky130_fd_sc_hd__buf_4, (A), 10, 7.51, 194.25
sky130_fd_sc_hd__buf_6, (A), 10, 11.26, 194.25
sky130_fd_sc_hd__buf_8, (A), 10, 15.01, 194.25
sky130_fd_sc_hd__bufbuf_16, (A), 10, 32.53, 194.25
sky130_fd_sc_hd__bufbuf_8, (A), 10, 18.77, 194.25
sky130_fd_sc_hd__bufinv_16, (!A), 01, 30.03, 80.2
sky130_fd_sc_hd__bufinv_8, (!A), 01, 17.52, 80.2
sky130_fd_sc_hd__clkbuf_1, (A), 10, 3.75, 194.25
sky130_fd_sc_hd__clkbuf_16, (A), 10, 25.02, 194.25
sky130_fd_sc_hd__clkbuf_2, (A), 10, 5, 194.25
sky130_fd_sc_hd__clkbuf_4, (A), 10, 7.51, 194.25
sky130_fd_sc_hd__clkbuf_8, (A), 10, 13.76, 194.25
sky130_fd_sc_hd__clkdlybuf4s15_1, (A), 10, 10.01, 194.25
sky130_fd_sc_hd__clkdlybuf4s15_2, (A), 10, 11.26, 194.25
sky130_fd_sc_hd__clkdlybuf4s18_1, (A), 10, 10.01, 194.25
sky130_fd_sc_hd__clkdlybuf4s18_2, (A), 10, 10.01, 194.25
sky130_fd_sc_hd__clkdlybuf4s25_1, (A), 10, 10.01, 194.25
sky130_fd_sc_hd__clkdlybuf4s25_2, (A), 10, 10.01, 194.25
sky130_fd_sc_hd__clkdlybuf4s50_1, (A), 10, 10.01, 194.25
sky130_fd_sc_hd__clkdlybuf4s50_2, (A), 10, 11.26, 194.25
sky130_fd_sc_hd__clkinv_1, (!A), 01, 3.75, 80.2
sky130_fd_sc_hd__clkinv_16, (!A), 01, 30.03, 80.2
sky130_fd_sc_hd__clkinv_2, (!A), 01, 5, 80.2
sky130_fd_sc_hd__clkinv_4, (!A), 01, 8.76, 80.2
sky130_fd_sc_hd__clkinv_8, (!A), 01, 16.27, 80.2
sky130_fd_sc_hd__clkinvlp_2, (!A), 01, 5, 80.2
sky130_fd_sc_hd__clkinvlp_4, (!A), 01, 7.51, 80.2
sky130_fd_sc_hd__dlygate4sd1_1, (A), 10, 8.76, 194.25
sky130_fd_sc_hd__dlygate4sd2_1, (A), 10, 8.76, 194.25
sky130_fd_sc_hd__dlygate4sd3_1, (A), 10, 10.01, 194.25
sky130_fd_sc_hd__dlymetal6s2s_1, (A), 10, 12.51, 194.25
sky130_fd_sc_hd__dlymetal6s4s_1, (A), 10, 12.51, 194.25
sky130_fd_sc_hd__dlymetal6s6s_1, (A), 10, 12.51, 194.25
sky130_fd_sc_hd__fa_1, (A&B) | (A&CIN) | (B&CIN), 11101000, 20.02, 249.37, 235.82, 255.55
sky130_fd_sc_hd__fa_1, (A&!B&!CIN) | (!A&B&!CIN) | (!A&!B&CIN) | (A&B&CIN), 10010110, 20.02, 401.46, 359.73, 232.98
sky130_fd_sc_hd__fa_2, (A&B) | (A&CIN) | (B&CIN), 11101000, 22.52, 249.37, 235.82, 255.55
sky130_fd_sc_hd__fa_2, (A&!B&!CIN) | (!A&B&!CIN) | (!A&!B&CIN) | (A&B&CIN), 10010110, 22.52, 401.46, 359.73, 232.98
sky130_fd_sc_hd__fa_4, (A&B) | (A&CIN) | (B&CIN), 11101000, 27.53, 249.37, 235.82, 255.55
sky130_fd_sc_hd__fa_4, (A&!B&!CIN) | (!A&B&!CIN) | (!A&!B&CIN) | (A&B&CIN), 10010110, 27.53, 401.46, 359.73, 232.98
sky130_fd_sc_hd__fah_1, (A&B) | (A&CI) | (B&CI), 11101000, 33.78, 249.37, 235.82, 255.55
sky130_fd_sc_hd__fah_1, (A&!B&!CI) | (!A&B&!CI) | (!A&!B&CI) | (A&B&CI), 10010110, 33.78, 401.46, 359.73, 232.98
sky130_fd_sc_hd__fahcin_1, (A&!CIN) | (A&B) | (B&!CIN), 10001110, 33.78, 1, 1, 1
sky130_fd_sc_hd__fahcin_1, (!A&!B&!CIN) | (A&B&!CIN) | (A&!B&CIN) | (!A&B&CIN), 01101001, 33.78, 390.57, 348.43, 234.99
sky130_fd_sc_hd__fahcon_1, (!A&!CI) | (!A&!B) | (!B&!CI), 00010111, 33.78, 1, 1, 1
sky130_fd_sc_hd__fahcon_1, (A&!B&!CI) | (!A&B&!CI) | (!A&!B&CI) | (A&B&CI), 10010110, 33.78, 401.46, 359.73, 232.98
sky130_fd_sc_hd__ha_1, (A&B), 1000, 12.51, 127.82, 139.61
sky130_fd_sc_hd__ha_1, (A&!B) | (!A&B), 0110, 12.51, 246.85, 217.87
sky130_fd_sc_hd__ha_2, (A&B), 1000, 15.01, 127.82, 139.61
sky130_fd_sc_hd__ha_2, (A&!B) | (!A&B), 0110, 15.01, 246.85, 217.87
sky130_fd_sc_hd__ha_4, (A&B), 1000, 25.02, 127.82, 139.61
sky130_fd_sc_hd__ha_4, (A&!B) | (!A&B), 0110, 25.02, 246.85, 217.87
sky130_fd_sc_hd__inv_1, (!A), 01, 3.75, 80.2
sky130_fd_sc_hd__inv_12, (!A), 01, 16.27, 80.2
sky130_fd_sc_hd__inv_16, (!A), 01, 20.02, 80.2
sky130_fd_sc_hd__inv_2, (!A), 01, 3.75, 80.2
sky130_fd_sc_hd__inv_4, (!A), 01, 6.26, 80.2
sky130_fd_sc_hd__inv_6, (!A), 01, 8.76, 80.2
sky130_fd_sc_hd__inv_8, (!A), 01, 11.26, 80.2
sky130_fd_sc_hd__lpflow_clkbufkapwr_1, (A), 10, 3.75, 194.25
sky130_fd_sc_hd__lpflow_clkbufkapwr_16, (A), 10, 25.02, 194.25
sky130_fd_sc_hd__lpflow_clkbufkapwr_2, (A), 10, 5, 194.25
sky130_fd_sc_hd__lpflow_clkbufkapwr_4, (A), 10, 7.51, 194.25
sky130_fd_sc_hd__lpflow_clkbufkapwr_8, (A), 10, 13.76, 194.25
sky130_fd_sc_hd__lpflow_clkinvkapwr_1, (!A), 01, 3.75, 80.2
sky130_fd_sc_hd__lpflow_clkinvkapwr_16, (!A), 01, 30.03, 80.2
sky130_fd_sc_hd__lpflow_clkinvkapwr_2, (!A), 01, 5, 80.2
sky130_fd_sc_hd__lpflow_clkinvkapwr_4, (!A), 01, 8.76, 80.2
sky130_fd_sc_hd__lpflow_clkinvkapwr_8, (!A), 01, 16.27, 80.2
sky130_fd_sc_hd__lpflow_inputiso0n_1, (SLEEP_B&A), 1000, 6.26, 127.82, 139.61
sky130_fd_sc_hd__lpflow_inputiso0p_1, (!SLEEP&A), 0010, 7.51, 162.17, 136.79
sky130_fd_sc_hd__lpflow_inputiso1n_1, (A) | (!SLEEP_B), 1011, 7.51, 147.78, 147.57
sky130_fd_sc_hd__lpflow_inputiso1p_1, (A) | (SLEEP), 1110, 6.26, 163.72, 156.45
sky130_fd_sc_hd__lpflow_isobufsrc_1, (A&!SLEEP), 0010, 6.26, 162.17, 136.79
sky130_fd_sc_hd__lpflow_isobufsrc_16, (A&!SLEEP), 0010, 45.04, 162.17, 136.79
sky130_fd_sc_hd__lpflow_isobufsrc_2, (A&!SLEEP), 0010, 8.76, 162.17, 136.79
sky130_fd_sc_hd__lpflow_isobufsrc_4, (A&!SLEEP), 0010, 13.76, 162.17, 136.79
sky130_fd_sc_hd__lpflow_isobufsrc_8, (A&!SLEEP), 0010, 23.77, 162.17, 136.79
sky130_fd_sc_hd__lpflow_isobufsrckapwr_16, (A&!SLEEP), 0010, 38.79, 162.17, 136.79
sky130_fd_sc_hd__lpflow_lsbuf_lh_hl_isowell_tap_1, (A), 10, 35.03, 194.25
sky130_fd_sc_hd__lpflow_lsbuf_lh_hl_isowell_tap_2, (A), 10, 35.03, 194.25
sky130_fd_sc_hd__lpflow_lsbuf_lh_hl_isowell_tap_4, (A), 10, 40.04, 194.25
sky130_fd_sc_hd__lpflow_lsbuf_lh_isowell_4, (A), 10, 40.04, 194.25
sky130_fd_sc_hd__lpflow_lsbuf_lh_isowell_tap_1, (A), 10, 35.03, 194.25
sky130_fd_sc_hd__lpflow_lsbuf_lh_isowell_tap_2, (A), 10, 35.03, 194.25
sky130_fd_sc_hd__lpflow_lsbuf_lh_isowell_tap_4, (A), 10, 40.04, 194.25
sky130_fd_sc_hd__maj3_1, (A&B) | (A&C) | (B&C), 11101000, 10.01, 249.37, 235.82, 255.55
sky130_fd_sc_hd__maj3_2, (A&B) | (A&C) | (B&C), 11101000, 11.26, 249.37, 235.82, 255.55
sky130_fd_sc_hd__maj3_4, (A&B) | (A&C) | (B&C), 11101000, 13.76, 249.37, 235.82, 255.55
sky130_fd_sc_hd__mux2_1, (A0&!S) | (A1&S), 11001010, 11.26, 198.55, 199.93, 273.91
sky130_fd_sc_hd__mux2_2, (A0&!S) | (A1&S), 11001010, 11.26, 198.55, 199.93, 273.91
sky130_fd_sc_hd__mux2_4, (A0&!S) | (A1&S), 11001010, 15.01, 198.55, 199.93, 273.91
sky130_fd_sc_hd__mux2_8, (A0&!S) | (A1&S), 11001010, 26.28, 198.55, 199.93, 273.91
sky130_fd_sc_hd__mux2i_1, (!A0&!S) | (!A1&S), 00110101, 10.01, 135.92, 137.82, 247.72
sky130_fd_sc_hd__mux2i_2, (!A0&!S) | (!A1&S), 00110101, 13.76, 135.92, 137.82, 247.72
sky130_fd_sc_hd__mux2i_4, (!A0&!S) | (!A1&S), 00110101, 22.52, 135.92, 137.82, 247.72
sky130_fd_sc_hd__mux4_1, (A0&!S0&!S1) | (A1&S0&!S1) | (A2&!S0&S1) | (A3&S0&S1), 1111111100000000111100001111000011001100110011001010101010101010, 26.28, 359.03, 362.39, 360.73, 360.51, 461.4, 272.03
sky130_fd_sc_hd__mux4_2, (A0&!S0&!S1) | (A1&S0&!S1) | (A2&!S0&S1) | (A3&S0&S1), 1111111100000000111100001111000011001100110011001010101010101010, 22.52, 359.03, 362.39, 360.73, 360.51, 461.4, 272.03
sky130_fd_sc_hd__mux4_4, (A0&!S0&!S1) | (A1&S0&!S1) | (A2&!S0&S1) | (A3&S0&S1), 1111111100000000111100001111000011001100110011001010101010101010, 25.02, 359.03, 362.39, 360.73, 360.51, 461.4, 272.03
sky130_fd_sc_hd__nand2_1, (!A) | (!B), 0111, 3.75, 72.08, 80.42
sky130_fd_sc_hd__nand2_2, (!A) | (!B), 0111, 6.26, 72.08, 80.42
sky130_fd_sc_hd__nand2_4, (!A) | (!B), 0111, 11.26, 72.08, 80.42
sky130_fd_sc_hd__nand2_8, (!A) | (!B), 0111, 20.02, 72.08, 80.42
sky130_fd_sc_hd__nand2b_1, (A_N) | (!B), 1011, 6.26, 147.78, 147.57
sky130_fd_sc_hd__nand2b_2, (A_N) | (!B), 1011, 8.76, 147.78, 147.57
sky130_fd_sc_hd__nand2b_4, (A_N) | (!B), 1011, 13.76, 147.78, 147.57
sky130_fd_sc_hd__nand3_1, (!A) | (!B) | (!C), 01111111, 5, 83.69, 96.48, 99.05
sky130_fd_sc_hd__nand3_2, (!A) | (!B) | (!C), 01111111, 10.01, 83.69, 96.48, 99.05
sky130_fd_sc_hd__nand3_4, (!A) | (!B) | (!C), 01111111, 17.52, 83.69, 96.48, 99.05
sky130_fd_sc_hd__nand3b_1, (A_N) | (!B) | (!C), 10111111, 7.51, 135.62, 97.52, 101.84
sky130_fd_sc_hd__nand3b_2, (A_N) | (!B) | (!C), 10111111, 11.26, 135.62, 97.52, 101.84
sky130_fd_sc_hd__nand3b_4, (A_N) | (!B) | (!C), 10111111, 20.02, 135.62, 97.52, 101.84
sky130_fd_sc_hd__nand4_1, (!A) | (!B) | (!C) | (!D), 0111111111111111, 6.26, 94.96, 112.71, 119.86, 120.69
sky130_fd_sc_hd__nand4_2, (!A) | (!B) | (!C) | (!D), 0111111111111111, 12.51, 94.96, 112.71, 119.86, 120.69
sky130_fd_sc_hd__nand4_4, (!A) | (!B) | (!C) | (!D), 0111111111111111, 21.27, 94.96, 112.71, 119.86, 120.69
sky130_fd_sc_hd__nand4b_1, (A_N) | (!B) | (!C) | (!D), 1011111111111111, 8.76, 143.16, 113.58, 123.25, 125.11
sky130_fd_sc_hd__nand4b_2, (A_N) | (!B) | (!C) | (!D), 1011111111111111, 15.01, 143.16, 113.58, 123.25, 125.11
sky130_fd_sc_hd__nand4b_4, (A_N) | (!B) | (!C) | (!D), 1011111111111111, 23.77, 143.16, 113.58, 123.25, 125.11
sky130_fd_sc_hd__nand4bb_1, (A_N) | (B_N) | (!C) | (!D), 1110111111111111, 11.26, 236.1, 239.26, 236.17, 214.31
sky130_fd_sc_hd__nand4bb_2, (A_N) | (B_N) | (!C) | (!D), 1110111111111111, 16.27, 236.1, 239.26, 236.17, 214.31
sky130_fd_sc_hd__nand4bb_4, (A_N) | (B_N) | (!C) | (!D), 1110111111111111, 27.53, 236.1, 239.26, 236.17, 214.31
sky130_fd_sc_hd__nor2_1, (!A&!B), 0001, 3.75, 107.18, 92.54
sky130_fd_sc_hd__nor2_2, (!A&!B), 0001, 6.26, 107.18, 92.54
sky130_fd_sc_hd__nor2_4, (!A&!B), 0001, 11.26, 107.18, 92.54
sky130_fd_sc_hd__nor2_8, (!A&!B), 0001, 20.02, 107.18, 92.54
sky130_fd_sc_hd__nor2b_1, (!A&B_N), 0100, 6.26, 147.38, 136.95
sky130_fd_sc_hd__nor2b_2, (!A&B_N), 0100, 8.76, 147.38, 136.95
sky130_fd_sc_hd__nor2b_4, (!A&B_N), 0100, 13.76, 147.38, 136.95
sky130_fd_sc_hd__nor3_1, (!A&!B&!C), 00000001, 5, 158.23, 149.16, 122.59
sky130_fd_sc_hd__nor3_2, (!A&!B&!C), 00000001, 10.01, 158.23, 149.16, 122.59
sky130_fd_sc_hd__nor3_4, (!A&!B&!C), 00000001, 16.27, 158.23, 149.16, 122.59
sky130_fd_sc_hd__nor3b_1, (!A&!B&C_N), 00010000, 7.51, 163.31, 153.35, 156.64
sky130_fd_sc_hd__nor3b_2, (!A&!B&C_N), 00010000, 12.51, 163.31, 153.35, 156.64
sky130_fd_sc_hd__nor3b_4, (!A&!B&C_N), 00010000, 18.77, 163.31, 153.35, 156.64
sky130_fd_sc_hd__nor4_1, (!A&!B&!C&!D), 0000000000000001, 6.26, 219.06, 210.22, 191.76, 154.64
sky130_fd_sc_hd__nor4_2, (!A&!B&!C&!D), 0000000000000001, 12.51, 219.06, 210.22, 191.76, 154.64
sky130_fd_sc_hd__nor4_4, (!A&!B&!C&!D), 0000000000000001, 21.27, 219.06, 210.22, 191.76, 154.64
sky130_fd_sc_hd__nor4b_1, (!A&!B&!C&D_N), 0000000100000000, 8.76, 225.41, 217.23, 195.64, 174.84
sky130_fd_sc_hd__nor4b_2, (!A&!B&!C&D_N), 0000000100000000, 15.01, 225.41, 217.23, 195.64, 174.84
sky130_fd_sc_hd__nor4b_4, (!A&!B&!C&D_N), 0000000100000000, 23.77, 225.41, 217.23, 195.64, 174.84
sky130_fd_sc_hd__nor4bb_1, (!A&!B&C_N&D_N), 0001000000000000, 10.01, 222.62, 229.28, 205.01, 188.11
sky130_fd_sc_hd__nor4bb_2, (!A&!B&C_N&D_N), 0001000000000000, 16.27, 222.62, 229.28, 205.01, 188.11
sky130_fd_sc_hd__nor4bb_4, (!A&!B&C_N&D_N), 0001000000000000, 25.02, 222.62, 229.28, 205.01, 188.11
sky130_fd_sc_hd__o2111a_1, (A1&B1&C1&D1) | (A2&B1&C1&D1), 11100000000000000000000000000000, 11.26, 232.6, 212.09, 171.69, 163.36, 148.74
sky130_fd_sc_hd__o2111a_2, (A1&B1&C1&D1) | (A2&B1&C1&D1), 11100000000000000000000000000000, 12.51, 232.6, 212.09, 171.69, 163.36, 148.74
sky130_fd_sc_hd__o2111a_4, (A1&B1&C1&D1) | (A2&B1&C1&D1), 11100000000000000000000000000000, 20.02, 232.6, 212.09, 171.69, 163.36, 148.74
sky130_fd_sc_hd__o2111ai_1, (!A1&!A2) | (!B1) | (!C1) | (!D1), 00011111111111111111111111111111, 8.76, 200.5, 179.89, 135.32, 126.28, 107.44
sky130_fd_sc_hd__o2111ai_2, (!A1&!A2) | (!B1) | (!C1) | (!D1), 00011111111111111111111111111111, 15.01, 200.5, 179.89, 135.32, 126.28, 107.44
sky130_fd_sc_hd__o2111ai_4, (!A1&!A2) | (!B1) | (!C1) | (!D1), 00011111111111111111111111111111, 26.28, 200.5, 179.89, 135.32, 126.28, 107.44
sky130_fd_sc_hd__o211a_1, (A1&B1&C1) | (A2&B1&C1), 1110000000000000, 10.01, 201.1, 184.35, 144.32, 133.95
sky130_fd_sc_hd__o211a_2, (A1&B1&C1) | (A2&B1&C1), 1110000000000000, 10.01, 201.1, 184.35, 144.32, 133.95
sky130_fd_sc_hd__o211a_4, (A1&B1&C1) | (A2&B1&C1), 1110000000000000, 17.52, 201.1, 184.35, 144.32, 133.95
sky130_fd_sc_hd__o211ai_1, (!A1&!A2) | (!B1) | (!C1), 0001111111111111, 7.51, 168.54, 150.52, 107.24, 96.24
sky130_fd_sc_hd__o211ai_2, (!A1&!A2) | (!B1) | (!C1), 0001111111111111, 12.51, 168.54, 150.52, 107.24, 96.24
sky130_fd_sc_hd__o211ai_4, (!A1&!A2) | (!B1) | (!C1), 0001111111111111, 21.27, 168.54, 150.52, 107.24, 96.24
sky130_fd_sc_hd__o21a_1, (A1&B1) | (A2&B1), 11100000, 7.51, 163.82, 149.19, 116.83
sky130_fd_sc_hd__o21a_2, (A1&B1) | (A2&B1), 11100000, 8.76, 163.82, 149.19, 116.83
sky130_fd_sc_hd__o21a_4, (A1&B1) | (A2&B1), 11100000, 15.01, 163.82, 149.19, 116.83
sky130_fd_sc_hd__o21ai_0, (!A1&!A2) | (!B1), 00011111, 5, 136.63, 120.63, 80.15
sky130_fd_sc_hd__o21ai_1, (!A1&!A2) | (!B1), 00011111, 5, 136.63, 120.63, 80.15
sky130_fd_sc_hd__o21ai_2, (!A1&!A2) | (!B1), 00011111, 8.76, 136.63, 120.63, 80.15
sky130_fd_sc_hd__o21ai_4, (!A1&!A2) | (!B1), 00011111, 16.27, 136.63, 120.63, 80.15
sky130_fd_sc_hd__o21ba_1, (A1&!B1_N) | (A2&!B1_N), 00001110, 10.01, 170.18, 154.41, 175.86
sky130_fd_sc_hd__o21ba_2, (A1&!B1_N) | (A2&!B1_N), 00001110, 10.01, 170.18, 154.41, 175.86
sky130_fd_sc_hd__o21ba_4, (A1&!B1_N) | (A2&!B1_N), 00001110, 16.27, 170.18, 154.41, 175.86
sky130_fd_sc_hd__o21bai_1, (!A1&!A2) | (B1_N), 11110001, 7.51, 136.89, 118.72, 135.1
sky130_fd_sc_hd__o21bai_2, (!A1&!A2) | (B1_N), 11110001, 11.26, 136.89, 118.72, 135.1
sky130_fd_sc_hd__o21bai_4, (!A1&!A2) | (B1_N), 11110001, 18.77, 136.89, 118.72, 135.1
sky130_fd_sc_hd__o221a_1, (A1&B1&C1) | (A2&B1&C1) | (A1&B2&C1) | (A2&B2&C1), 11101110111000000000000000000000, 11.26, 229.77, 215.4, 206.4, 192.36, 142.06
sky130_fd_sc_hd__o221a_2, (A1&B1&C1) | (A2&B1&C1) | (A1&B2&C1) | (A2&B2&C1), 11101110111000000000000000000000, 11.26, 229.77, 215.4, 206.4, 192.36, 142.06
sky130_fd_sc_hd__o221a_4, (A1&B1&C1) | (A2&B1&C1) | (A1&B2&C1) | (A2&B2&C1), 11101110111000000000000000000000, 20.02, 229.77, 215.4, 206.4, 192.36, 142.06
sky130_fd_sc_hd__o221ai_1, (!B1&!B2) | (!A1&!A2) | (!C1), 00010001000111111111111111111111, 8.76, 191.43, 171.75, 175.43, 152.8, 100.4
sky130_fd_sc_hd__o221ai_2, (!B1&!B2) | (!A1&!A2) | (!C1), 00010001000111111111111111111111, 15.01, 191.43, 171.75, 175.43, 152.8, 100.4
sky130_fd_sc_hd__o221ai_4, (!B1&!B2) | (!A1&!A2) | (!C1), 00010001000111111111111111111111, 26.28, 191.43, 171.75, 175.43, 152.8, 100.4
sky130_fd_sc_hd__o22a_1, (A1&B1) | (A2&B1) | (A1&B2) | (A2&B2), 1110111011100000, 8.76, 184.69, 170.84, 162.7, 146.41
sky130_fd_sc_hd__o22a_2, (A1&B1) | (A2&B1) | (A1&B2) | (A2&B2), 1110111011100000, 10.01, 184.69, 170.84, 162.7, 146.41
sky130_fd_sc_hd__o22a_4, (A1&B1) | (A2&B1) | (A1&B2) | (A2&B2), 1110111011100000, 17.52, 184.69, 170.84, 162.7, 146.41
sky130_fd_sc_hd__o22ai_1, (!B1&!B2) | (!A1&!A2), 0001000100011111, 6.26, 157.14, 139.95, 131.3, 113.27
sky130_fd_sc_hd__o22ai_2, (!B1&!B2) | (!A1&!A2), 0001000100011111, 12.51, 157.14, 139.95, 131.3, 113.27
sky130_fd_sc_hd__o22ai_4, (!B1&!B2) | (!A1&!A2), 0001000100011111, 20.02, 157.14, 139.95, 131.3, 113.27
sky130_fd_sc_hd__o2bb2a_1, (!A1_N&B1) | (!A2_N&B1) | (!A1_N&B2) | (!A2_N&B2), 0111011101110000, 10.01, 203.61, 197.71, 194.13, 181.58
sky130_fd_sc_hd__o2bb2a_2, (!A1_N&B1) | (!A2_N&B1) | (!A1_N&B2) | (!A2_N&B2), 0111011101110000, 11.26, 203.61, 197.71, 194.13, 181.58
sky130_fd_sc_hd__o2bb2a_4, (!A1_N&B1) | (!A2_N&B1) | (!A1_N&B2) | (!A2_N&B2), 0111011101110000, 20.02, 203.61, 197.71, 194.13, 181.58
sky130_fd_sc_hd__o2bb2ai_1, (!B1&!B2) | (A1_N&A2_N), 1000100010001111, 8.76, 138.39, 132.26, 137.13, 119.86
sky130_fd_sc_hd__o2bb2ai_2, (!B1&!B2) | (A1_N&A2_N), 1000100010001111, 15.01, 138.39, 132.26, 137.13, 119.86
sky130_fd_sc_hd__o2bb2ai_4, (!B1&!B2) | (A1_N&A2_N), 1000100010001111, 27.53, 138.39, 132.26, 137.13, 119.86
sky130_fd_sc_hd__o311a_1, (A1&B1&C1) | (A2&B1&C1) | (A3&B1&C1), 11111110000000000000000000000000, 10.01, 269.7, 256.18, 225.5, 149.28, 137.69
sky130_fd_sc_hd__o311a_2, (A1&B1&C1) | (A2&B1&C1) | (A3&B1&C1), 11111110000000000000000000000000, 11.26, 269.7, 256.18, 225.5, 149.28, 137.69
sky130_fd_sc_hd__o311a_4, (A1&B1&C1) | (A2&B1&C1) | (A3&B1&C1), 11111110000000000000000000000000, 21.27, 269.7, 256.18, 225.5, 149.28, 137.69
sky130_fd_sc_hd__o311ai_0, (!A1&!A2&!A3) | (!B1) | (!C1), 00000001111111111111111111111111, 8.76, 249.55, 240.15, 208.66, 118.55, 105.85
sky130_fd_sc_hd__o311ai_1, (!A1&!A2&!A3) | (!B1) | (!C1), 00000001111111111111111111111111, 8.76, 249.55, 240.15, 208.66, 118.55, 105.85
sky130_fd_sc_hd__o311ai_2, (!A1&!A2&!A3) | (!B1) | (!C1), 00000001111111111111111111111111, 16.27, 249.55, 240.15, 208.66, 118.55, 105.85
sky130_fd_sc_hd__o311ai_4, (!A1&!A2&!A3) | (!B1) | (!C1), 00000001111111111111111111111111, 26.28, 249.55, 240.15, 208.66, 118.55, 105.85
sky130_fd_sc_hd__o31a_1, (A1&B1) | (A2&B1) | (A3&B1), 1111111000000000, 8.76, 230.29, 219.08, 190.04, 121.74
sky130_fd_sc_hd__o31a_2, (A1&B1) | (A2&B1) | (A3&B1), 1111111000000000, 10.01, 230.29, 219.08, 190.04, 121.74
sky130_fd_sc_hd__o31a_4, (A1&B1) | (A2&B1) | (A3&B1), 1111111000000000, 17.52, 230.29, 219.08, 190.04, 121.74
sky130_fd_sc_hd__o31ai_1, (!A1&!A2&!A3) | (!B1), 0000000111111111, 7.51, 208.08, 197.38, 173, 84.19
sky130_fd_sc_hd__o31ai_2, (!A1&!A2&!A3) | (!B1), 0000000111111111, 12.51, 208.08, 197.38, 173, 84.19
sky130_fd_sc_hd__o31ai_4, (!A1&!A2&!A3) | (!B1), 0000000111111111, 21.27, 208.08, 197.38, 173, 84.19
sky130_fd_sc_hd__o32a_1, (A1&B1) | (A1&B2) | (A2&B1) | (A3&B1) | (A2&B2) | (A3&B2), 11111110111111101111111000000000, 10.01, 258.04, 245.78, 218.38, 167.67, 151.69
sky130_fd_sc_hd__o32a_2, (A1&B1) | (A1&B2) | (A2&B1) | (A3&B1) | (A2&B2) | (A3&B2), 11111110111111101111111000000000, 11.26, 258.04, 245.78, 218.38, 167.67, 151.69
sky130_fd_sc_hd__o32a_4, (A1&B1) | (A1&B2) | (A2&B1) | (A3&B1) | (A2&B2) | (A3&B2), 11111110111111101111111000000000, 22.52, 258.04, 245.78, 218.38, 167.67, 151.69
sky130_fd_sc_hd__o32ai_1, (!A1&!A2&!A3) | (!B1&!B2), 00000001000000010000000111111111, 8.76, 226.91, 216.23, 188.17, 135.14, 118.47
sky130_fd_sc_hd__o32ai_2, (!A1&!A2&!A3) | (!B1&!B2), 00000001000000010000000111111111, 16.27, 226.91, 216.23, 188.17, 135.14, 118.47
sky130_fd_sc_hd__o32ai_4, (!A1&!A2&!A3) | (!B1&!B2), 00000001000000010000000111111111, 27.53, 226.91, 216.23, 188.17, 135.14, 118.47
sky130_fd_sc_hd__o41a_1, (A1&B1) | (A2&B1) | (A3&B1) | (A4&B1), 11111111111111100000000000000000, 11.26, 299.86, 288, 267.93, 229.55, 124.4
sky130_fd_sc_hd__o41a_2, (A1&B1) | (A2&B1) | (A3&B1) | (A4&B1), 11111111111111100000000000000000, 12.51, 299.86, 288, 267.93, 229.55, 124.4
sky130_fd_sc_hd__o41a_4, (A1&B1) | (A2&B1) | (A3&B1) | (A4&B1), 11111111111111100000000000000000, 21.27, 299.86, 288, 267.93, 229.55, 124.4
sky130_fd_sc_hd__o41ai_1, (!A1&!A2&!A3&!A4) | (!B1), 00000000000000011111111111111111, 8.76, 278.41, 267.14, 246.46, 204.42, 82.74
sky130_fd_sc_hd__o41ai_2, (!A1&!A2&!A3&!A4) | (!B1), 00000000000000011111111111111111, 16.27, 278.41, 267.14, 246.46, 204.42, 82.74
sky130_fd_sc_hd__o41ai_4, (!A1&!A2&!A3&!A4) | (!B1), 00000000000000011111111111111111, 27.53, 278.41, 267.14, 246.46, 204.42, 82.74
sky130_fd_sc_hd__or2_0, (A) | (B), 1110, 6.26, 163.72, 156.45
sky130_fd_sc_hd__or2_1, (A) | (B), 1110, 6.26, 163.72, 156.45
sky130_fd_sc_hd__or2_2, (A) | (B), 1110, 6.26, 163.72, 156.45
sky130_fd_sc_hd__or2_4, (A) | (B), 1110, 8.76, 163.72, 156.45
sky130_fd_sc_hd__or2b_1, (A) | (!B_N), 1011, 7.51, 147.78, 147.57
sky130_fd_sc_hd__or2b_2, (A) | (!B_N), 1011, 8.76, 147.78, 147.57
sky130_fd_sc_hd__or2b_4, (A) | (!B_N), 1011, 11.26, 147.78, 147.57
sky130_fd_sc_hd__or3_1, (A) | (B) | (C), 11111110, 6.26, 247.26, 235.99, 213.82
sky130_fd_sc_hd__or3_2, (A) | (B) | (C), 11111110, 7.51, 247.26, 235.99, 213.82
sky130_fd_sc_hd__or3_4, (A) | (B) | (C), 11111110, 11.26, 247.26, 235.99, 213.82
sky130_fd_sc_hd__or3b_1, (A) | (B) | (!C_N), 11101111, 8.76, 248.67, 237.14, 275.56
sky130_fd_sc_hd__or3b_2, (A) | (B) | (!C_N), 11101111, 8.76, 248.67, 237.14, 275.56
sky130_fd_sc_hd__or3b_4, (A) | (B) | (!C_N), 11101111, 11.26, 248.67, 237.14, 275.56
sky130_fd_sc_hd__or4_1, (A) | (B) | (C) | (D), 1111111111111110, 7.51, 326.48, 319.71, 300.3, 263.6
sky130_fd_sc_hd__or4_2, (A) | (B) | (C) | (D), 1111111111111110, 8.76, 326.48, 319.71, 300.3, 263.6
sky130_fd_sc_hd__or4_4, (A) | (B) | (C) | (D), 1111111111111110, 11.26, 326.48, 319.71, 300.3, 263.6
sky130_fd_sc_hd__or4b_1, (A) | (B) | (C) | (!D_N), 1111111011111111, 10.01, 328.29, 318.69, 300.84, 323.58
sky130_fd_sc_hd__or4b_2, (A) | (B) | (C) | (!D_N), 1111111011111111, 10.01, 328.29, 318.69, 300.84, 323.58
sky130_fd_sc_hd__or4b_4, (A) | (B) | (C) | (!D_N), 1111111011111111, 13.76, 328.29, 318.69, 300.84, 323.58
sky130_fd_sc_hd__or4bb_1, (A) | (B) | (!C_N) | (!D_N), 1110111111111111, 11.26, 236.1, 239.26, 236.17, 214.31
sky130_fd_sc_hd__or4bb_2, (A) | (B) | (!C_N) | (!D_N), 1110111111111111, 12.51, 236.1, 239.26, 236.17, 214.31
sky130_fd_sc_hd__or4bb_4, (A) | (B) | (!C_N) | (!D_N), 1110111111111111, 15.01, 236.1, 239.26, 236.17, 214.31
sky130_fd_sc_hd__probe_p_8, (A), 10, 15.01, 194.25
sky130_fd_sc_hd__probec_p_8, (A), 10, 15.01, 194.25
sky130_fd_sc_hd__xnor2_1, (!A&!B) | (A&B), 1001, 8.76, 240.05, 221.67
sky130_fd_sc_hd__xnor2_2, (!A&!B) | (A&B), 1001, 16.27, 240.05, 221.67
sky130_fd_sc_hd__xnor2_4, (!A&!B) | (A&B), 1001, 27.53, 240.05, 221.67
sky130_fd_sc_hd__xnor3_1, (!A&!B&!C) | (A&B&!C) | (A&!B&C) | (!A&B&C), 01101001, 22.52, 390.57, 348.43, 234.99
sky130_fd_sc_hd__xnor3_2, (!A&!B&!C) | (A&B&!C) | (A&!B&C) | (!A&B&C), 01101001, 23.77, 390.57, 348.43, 234.99
sky130_fd_sc_hd__xnor3_4, (!A&!B&!C) | (A&B&!C) | (A&!B&C) | (!A&B&C), 01101001, 26.28, 390.57, 348.43, 234.99
sky130_fd_sc_hd__xor2_1, (A&!B) | (!A&B), 0110, 8.76, 246.85, 217.87
sky130_fd_sc_hd__xor2_2, (A&!B) | (!A&B), 0110, 16.27, 246.85, 217.87
sky130_fd_sc_hd__xor2_4, (A&!B) | (!A&B), 0110, 27.53, 246.85, 217.87
sky130_fd_sc_hd__xor3_1, (A&!B&!C) | (!A&B&!C) | (!A&!B&C) | (A&B&C), 10010110, 23.77, 401.46, 359.73, 232.98
sky130_fd_sc_hd__xor3_2, (A&!B&!C) | (!A&B&!C) | (!A&!B&C) | (A&B&C), 10010110, 25.02, 401.46, 359.73, 232.98
sky130_fd_sc_hd__xor3_4, (A&!B&!C) | (!A&B&!C) | (!A&!B&C) | (A&B&C), 10010110, 27.53, 401.46, 359.73, 232.98
